pair_id,ethnicity,image1_filename,image2_filename,ground_truth_label,prompt_variant,prompt_variant_label,model_output,inference_time_seconds,word_count,coherence_passed,verdict_detected,timestamp,status,verdict_tier,verdict_polarity,is_truncated
1,African,m.03yj4sd_0002.jpg,m.03yj4sd_0004.jpg,genuine,1,VARIANT 1  [direct feature-comparison],"Based on the images provided, here are the specific facial features that support or contradict them being the same person:

1. **Eyes**: The eyes in both images appear to be the same, with a similar shape and color.
2. **Nose**: The nose in both images is similar in shape and size, which could suggest they are the same person.
3. **Mouth**: The mouth in both images has a similar shape and is slightly open, which might indicate the same person.
4. **Chin**: The chin in both images is similar in shape and size, which could be a sign of the same person.
5. **Facial Hair**: The facial hair in both images is similar in color and style, which might suggest they are the same person.
6. **Skin Tone**: The skin tone in both images appears to be the same, which could indicate they are the same person.

Taking all these features into account, it is likely that the two images are of the same person. However, without additional context or a clearer view of the face, it is not possible to definitively confirm that they are the same person. Therefore, my final answer is ""Yes,"" with the caveat that there is a possibility of error due to the limitations of the image quality and the potential for digital manipulation.",35.521,219,True,True,2026-08-19T13:42:14Z,completed,literal,same,False
1,African,m.03yj4sd_0002.jpg,m.03yj4sd_0004.jpg,genuine,2,VARIANT 2  [chain-of-thought],"Step 1:
Image 1:
- Face shape: Oval
- Eye region: Almond-shaped eyes, slightly squinting, with a visible crease at the outer corners
- Nose: Straight, with a slightly upturned tip
- Mouth: Closed, with a straight line across the lips
- Skin tone: Dark, with a hint of a tan or sun exposure
- Hair: Short, dark, and straight

Image 2:
- Face shape: Oval
- Eye region: Almond-shaped eyes, slightly squinting, with a visible crease at the outer corners
- Nose: Straight, with a slightly upturned tip
- Mouth: Closed, with a straight line across the lips
- Skin tone: Dark, with a hint of a tan or sun exposure
- Hair: Short, dark, and straight

Step 2:
- Similarities: Both images show the same person with similar facial features, including eye shape, nose shape, and mouth expression. The skin tone and hair color are consistent across both images.
- Differences: There are no significant differences in the facial features between the two images.

Step 3:
Based on the analysis, the two faces belong to the same person. The consistency in facial features and the lack of any significant differences between the two images suggest that they are of the same individual.",38.877,204,True,True,2026-08-19T13:42:50Z,completed,literal,different,False
2,African,m.03d2bw_0004.jpg,m.0415m0d_0001.jpg,impostor,1,VARIANT 1  [direct feature-comparison],"Based on the images provided, here are the specific facial features that support or contradict them being the same person:

1. **Eyes**: The eyes in both images appear to be the same, with a similar shape and color.
2. **Nose**: The nose in both images is similar in shape and size, which could suggest they are the same person.
3. **Mouth**: The mouth in both images has a similar shape and is open in a similar manner, which could indicate they are the same person.
4. **Chin**: The chin in both images is similar in shape and size, which could suggest they are the same person.
5. **Facial Hair**: The facial hair in both images is similar in color and style, which could indicate they are the same person.
6. **Skin Tone**: The skin tone in both images appears to be the same, which could suggest they are the same person.
7. **Ears**: The ears in both images are similar in shape and size, which could indicate they are the same person.

Given these similarities, it is likely that the two images are of the same person. However, without additional context or a clearer view of the face, it is not possible to definitively confirm that they are the same person.

Final answer: Yes, the two images are likely of the same person.",36.738,223,True,True,2026-08-19T13:43:29Z,completed,literal,same,False
2,African,m.03d2bw_0004.jpg,m.0415m0d_0001.jpg,impostor,2,VARIANT 2  [chain-of-thought],"Step 1:
Image 1: The person in Image 1 has a prominent nose, full lips, and a beard. The skin tone appears to be a medium shade, and the hair is short and dark. The person's eyebrows are well-defined, and the eyes are open with a focused gaze.

Image 2: The person in Image 2 has a similar nose and full lips, but the beard is less visible. The skin tone is also a medium shade, and the hair is dark and appears to be styled in a similar manner. The eyebrows are also well-defined, and the eyes are open with a focused gaze.

Step 2:
The similarities between the two images include the person's facial structure, nose shape, eye shape, and skin tone. The differences are mainly in the visibility of the beard and the style of the hair.

Step 3:
Based on the analysis, it is likely that the two faces belong to the same person. The similarities in facial features, skin tone, and hair style are indicative of the same individual. However, without additional context or a clearer view of the hair and beard, it is not possible to say with absolute certainty that they are the same person.",33.806,202,True,True,2026-08-19T13:44:06Z,no_verdict,semantic,same,False
3,African,m.026_m72_0001.jpg,m.026_m72_0003.jpg,genuine,1,VARIANT 1  [direct feature-comparison],"Based on the images provided, here are the specific facial features that support or contradict them being the same person:

1. **Eyes**: The eyes in both images appear to be the same, with a similar shape, color, and positioning.

2. **Nose**: The nose in both images is similar in shape and size, suggesting it could be the same nose.

3. **Mouth**: The lips and the shape of the mouth are consistent between the two images, which could indicate the same person.

4. **Chin**: The chin in both images has a similar shape and contour, which might suggest they are the same person.

5. **Facial Hair**: The facial hair, such as the beard and mustache, is consistent in both images, which could indicate the same person.

6. **Skin Tone**: The skin tone appears to be the same in both images, which might suggest they are the same person.

7. **Ears**: The ears in both images are similar in shape and size, which could indicate the same person.

8. **Hair**: The hair in both images has a similar texture and style, which might suggest they are the same person.

9. **Wrinkles and Lines**: The wrinkles and lines on the face are consistent in both images, which could indicate the same person.

10. **Overall Facial Structure**: The overall facial structure, including the proportions of the face, the shape of the cheekbones, and the contour of the jawline, appear to be the same in both images.

Given the consistency in these features, it is likely that the two images are of the same person. Therefore, my final answer is:

**Yes, the two images are of the same person.**",48.137,274,True,True,2026-08-19T13:44:40Z,completed,literal,same,True
3,African,m.026_m72_0001.jpg,m.026_m72_0003.jpg,genuine,2,VARIANT 2  [chain-of-thought],"Step 1:
Image 1:
- Face shape: Oval
- Eye region: Almond-shaped eyes, slightly squinting, with a darker skin tone around the eyes
- Nose: Straight and narrow, with a slightly upturned tip
- Mouth: Closed with a slight smile, showing teeth
- Skin tone: Dark, with a visible sheen, possibly indicating sweat or a moist skin condition
- Hair: Short, dark, and straight, with a slight recession at the hairline

Image 2:
- Face shape: Oval
- Eye region: Almond-shaped eyes, slightly squinting, with a darker skin tone around the eyes
- Nose: Straight and narrow, with a slightly upturned tip
- Mouth: Closed with a slight smile, showing teeth
- Skin tone: Dark, with a visible sheen, possibly indicating sweat or a moist skin condition
- Hair: Short, dark, and straight, with a slight recession at the hairline

Step 2:
- Similarities: Both images show the same person with similar facial features, including eye shape, nose shape, and hair color and style.
- Differences: The skin tone appears to be slightly different in the two images, with Image 2 having a more pronounced sheen.

Step 3:
Based on the analysis, the two faces belong to the same person. The similarities in facial features and the differences that could be attributed to lighting or skin condition do not outweigh the similarities. The final answer is Yes.",43.498,227,True,True,2026-08-19T13:45:29Z,completed,literal,same,False
4,African,m.0415z12_0001.jpg,m.0415z12_0002.jpg,genuine,1,VARIANT 1  [direct feature-comparison],"Based on the images provided, here are the specific facial features that support or contradict them being the same person:

1. Facial Hair: The person in the top image has a full beard, while the person in the bottom image has a goatee and no beard. This is a significant difference that would make it unlikely that they are the same person.

2. Eye Color: The person in the top image has dark eyes, while the person in the bottom image has lighter eyes. This is another notable difference that would make it difficult to believe they are the same person.

3. Nose Shape: The person in the top image has a slightly different nose shape compared to the person in the bottom image. This is a subtle difference, but it could be a point of contradiction depending on the level of detail one is looking for.

4. Skin Tone: The person in the top image has a slightly lighter skin tone compared to the person in the bottom image. This is a very subtle difference that might not be noticeable to everyone.

5. Earrings: The person in the top image is wearing earrings, while the person in the bottom image is not. This is a clear difference that would make it unlikely that they are the same person.

6. Hair Color: The person in the top image has dark hair, while the person in the bottom image has lighter hair. This is another significant difference that would make it difficult to believe they are the same person.

7. Facial Expression: The person in the top image has a more intense and focused facial expression, while the person in the bottom image has a more relaxed and neutral expression. This could be a point of contradiction, as expressions can change over time or between different photos.

8. Lighting and Shadow: The lighting and shadows on the face in the top image are different from those in the bottom image",48.821,329,True,True,2026-08-19T13:46:13Z,completed,literal,different,True
4,African,m.0415z12_0001.jpg,m.0415z12_0002.jpg,genuine,2,VARIANT 2  [chain-of-thought],"Step 1:
Image 1: The person in Image 1 has a prominent nose, full lips, and a beard. The skin tone appears to be a medium shade, and the hair is dark and styled in a way that it falls over the forehead. The person is wearing a red cap with goggles on top and a red shirt.

Image 2: The person in Image 2 has a similar nose and full lips, but the beard is less prominent. The skin tone is also a medium shade, and the hair is styled in a similar manner, falling over the forehead. The person is wearing a cap with goggles on top and a red shirt.

Step 2:
The similarities between the two images include the facial features such as the nose, lips, and skin tone. The hair is also styled similarly. The differences are mainly in the beard, which is less prominent in Image 2.

Step 3:
Based on the analysis, it is likely that the two faces belong to the same person. The similarities in facial features, hair, and clothing suggest that the images are of the same individual.",31.17,188,True,True,2026-08-19T13:47:02Z,no_verdict,semantic,same,False
5,African,m.0d9v9q_0003.jpg,m.05c1m42_0002.jpg,impostor,1,VARIANT 1  [direct feature-comparison],"Based on the images provided, here are the specific facial features that support or contradict them being the same person:

1. **Eyes**: The eyes in both images are similar in shape and color, which suggests they could be the same person.

2. **Nose**: The nose in both images is of a similar shape and size, which is consistent with the eyes and supports the idea that they could be the same person.

3. **Mouth and Facial Structure**: The mouth and overall facial structure appear to be consistent between the two images, which further supports the idea that they could be the same person.

4. **Skin Tone and Texture**: The skin tone and texture appear to be consistent between the two images, which is another point in favor of the images being of the same person.

5. **Ears**: The ears in both images are similar in shape and size, which is another detail that supports the idea that they could be the same person.

6. **Hair**: The hair in both images is similar in color and style, which is another detail that supports the idea that they could be the same person.

7. **Facial Hair**: The facial hair in both images is similar in color and style, which is another detail that supports the idea that they could be the same person.

8. **Eyebrows**: The eyebrows in both images are similar in shape and color, which is another detail that supports the idea that they could be the same person.

9. **Head Shape**: The head shape appears to be consistent between the two images, which is another detail that supports the idea that they could be the same person.

10. **Expression**: The expressions on the face in both images are similar, which is another detail that supports the idea that they could be the same person.

Based on these observations",48.815,309,True,True,2026-08-19T13:47:33Z,no_verdict,semantic,same,True
5,African,m.0d9v9q_0003.jpg,m.05c1m42_0002.jpg,impostor,2,VARIANT 2  [chain-of-thought],"Step 1:
Image 1:
- Face shape: Oval
- Eye region: Almond-shaped eyes, slightly squinting, with a noticeable crease at the outer corners.
- Nose: Straight and narrow, with a slightly upturned tip.
- Mouth: Closed with a slight smile, showing teeth.
- Skin tone: Dark, with a visible sheen, possibly due to sweat or light reflecting off the skin.
- Hair: Short, closely cropped, and neatly combed.

Image 2:
- Face shape: Similar to Image 1, but with a slightly more angular jawline.
- Eye region: Similar to Image 1, with a noticeable crease at the outer corners.
- Nose: Similar to Image 1, with a slightly upturned tip.
- Mouth: Similar to Image 1, with a slight smile, showing teeth.
- Skin tone: Similar to Image 1, with a visible sheen.
- Hair: Similar to Image 1, with a closely cropped and neatly combed style.

Step 2:
- Similarities: The facial features are very similar between the two images, with only minor variations in the shape of the face, the angle of the jawline, and the position of the teeth.
- Differences: The most noticeable difference is the angle of the jawline, which is slightly more pronounced in Image 2.

Step 3:
Based on the analysis, it is likely that the two faces belong to the same person. The similarities in facial features, such as eye shape, nose shape, and hair style, suggest that the images are of the same individual. The differences in the angle of the jawline and the position of the teeth are minor and do not significantly alter the overall",49.617,266,True,True,2026-08-19T13:48:22Z,no_verdict,semantic,same,True
6,African,m.03f7bn1_0001.jpg,m.0b6ltmn_0004.jpg,impostor,1,VARIANT 1  [direct feature-comparison],"Based on the images provided, here are the specific facial features that support or contradict them being the same person:

1. Similarities:
   - Eye shape and color.
   - Nose shape and size.
   - Mouth shape and position.
   - Facial hair style and color.
   - Ear shape and size.
   - Hair texture and style.

2. Differences:
   - The person in the second image has a slightly different hairline and parting.
   - The person in the second image has a slightly different facial hair pattern.
   - The person in the second image has a slightly different expression, with the eyes appearing to be more open and the mouth slightly more closed.

Given these observations, it is likely that the two images are of the same person, as the similarities outweigh the differences. However, without additional context or a clearer view of the facial features, it is not possible to definitively confirm that they are the same person.

Final answer: Yes, they could be the same person, but without more information, it is not possible to say with absolute certainty.",31.486,177,True,True,2026-08-19T13:49:12Z,completed,literal,same,False
6,African,m.03f7bn1_0001.jpg,m.0b6ltmn_0004.jpg,impostor,2,VARIANT 2  [chain-of-thought],"Step 1:
Image 1:
- Face shape: Oval
- Eye region: Almond-shaped eyes, slightly squinting
- Nose: Straight, with a small bump on the bridge
- Mouth: Lips are slightly parted, showing teeth
- Skin tone: Light to medium
- Hair: Short, dark, and styled in a pompadour or afro

Image 2:
- Face shape: Oval
- Eye region: Almond-shaped eyes, slightly squinting
- Nose: Straight, with a small bump on the bridge
- Mouth: Lips are slightly parted, showing teeth
- Skin tone: Light to medium
- Hair: Short, dark, and styled in a pompadour or afro

Step 2:
The facial features are very similar between the two images. The only noticeable difference is the hair, which appears slightly different in texture and style. However, this could be due to the lighting or angle of the photo.

Step 3:
Based on the analysis, it is highly likely that the two faces belong to the same person. The similarities in facial features, hair style, and skin tone are too consistent to be coincidental. The differences in hair texture and style are not significant enough to rule out that they are the same person. Therefore, my final answer is Yes.",37.963,199,True,True,2026-08-19T13:49:44Z,completed,literal,same,False
7,African,m.0czdp9z_0004.jpg,m.02rb1jj_0001.jpg,impostor,1,VARIANT 1  [direct feature-comparison],"Based on the images provided, here are the specific facial features that support or contradict them being the same person:

1. **Eyes**: The eyes in both images appear to be the same, with a similar shape and color.
2. **Nose**: The nose in both images is similar in shape and size, which could suggest they are the same person.
3. **Mouth**: The mouth in both images has a similar shape and is slightly open, which might indicate the same person.
4. **Chin**: The chin in both images is similar in shape and size, which could be a sign of the same person.
5. **Facial Hair**: The facial hair in both images is similar in color and style, which might suggest they are the same person.
6. **Ears**: The ears in both images are similar in shape and size, which could be another indicator of the same person.
7. **Hair**: The hair in both images is similar in color and style, which might suggest they are the same person.

Taking all these features into account, it is likely that the two images are of the same person. However, without additional context or a clearer view of the images, it is not possible to definitively confirm that they are of the same person.

Final answer: Yes, the two images are likely of the same person.",36.493,223,True,True,2026-08-19T13:50:22Z,completed,literal,same,False
7,African,m.0czdp9z_0004.jpg,m.02rb1jj_0001.jpg,impostor,2,VARIANT 2  [chain-of-thought],"Step 1:
- Image 1: The face appears to be that of a young adult male with a short haircut. The facial features include a prominent nose, full lips, and a fair skin tone. The eyes are open and appear to be looking directly at the camera. The eyebrows are well-defined and the person has a slight frown or serious expression.
- Image 2: The face in this image is similar to the one in Image 1, with the same short haircut and fair skin tone. The facial features include a prominent nose, full lips, and a serious expression. The eyebrows are well-defined, and the eyes are open and looking directly at the camera.

Step 2:
- Similarities: Both images show the same person with a similar facial expression and hairstyle. The skin tone appears consistent across both images.
- Differences: There are no significant differences in the facial features between the two images.

Step 3:
Based on the analysis, the two faces belong to the same person. The similarities in facial features, hairstyle, and skin tone, along with the consistent expression, all point to the same individual.",32.249,188,True,True,2026-08-19T13:50:59Z,completed,literal,different,False
8,African,m.04cyrd5_0003.jpg,m.04cyrd5_0005.jpg,genuine,1,VARIANT 1  [direct feature-comparison],"Based on the images provided, here are the specific facial features that support or contradict them being the same person:

1. **Eyes**: The eyes in both images are similar in shape and color, which suggests they could be the same person.

2. **Nose**: The nose in both images is of a similar shape and size, which supports the idea that they could be the same person.

3. **Mouth**: The mouth in both images is similar in shape and size, which supports the idea that they could be the same person.

4. **Chin**: The chin in both images is similar in shape and size, which supports the idea that they could be the same person.

5. **Facial Hair**: The facial hair in both images is similar in color and style, which supports the idea that they could be the same person.

6. **Ears**: The ears in both images are similar in shape and size, which supports the idea that they could be the same person.

7. **Hairline**: The hairline in both images is similar, which supports the idea that they could be the same person.

8. **Skin Tone**: The skin tone in both images is similar, which supports the idea that they could be the same person.

9. **Wrinkles and Lines**: The wrinkles and lines on the face are consistent between the two images, which supports the idea that they could be the same person.

10. **Overall Facial Structure**: The overall facial structure, including the proportions of the face, is similar in both images, which supports the idea that they could be the same person.

Given the consistency in these features, it is likely that the two images are of the same person. Therefore, my final answer is:

**Yes, the two images are of",48.864,293,True,True,2026-08-19T13:51:32Z,completed,literal,same,True
8,African,m.04cyrd5_0003.jpg,m.04cyrd5_0005.jpg,genuine,2,VARIANT 2  [chain-of-thought],"Step 1:
- Image 1: The person has a bald head, a well-defined jawline, a broad nose, and a wide smile. The skin tone appears to be medium, and the hair is closely cropped.
- Image 2: The person in this image also has a bald head, a similar jawline, a broad nose, and a wide smile. The skin tone appears to be the same, and the hair is also closely cropped.

Step 2:
- Similarities: Both images show the same person with a similar hairstyle, skin tone, and facial features.
- Differences: There are no significant differences in the facial features between the two images.

Step 3:
Based on the analysis, the two faces belong to the same person. The similarities in facial features, skin tone, and hairstyle are indicative of the same individual.",25.809,135,True,True,2026-08-19T13:52:21Z,completed,literal,different,False
9,African,m.0gg1p1_0001.jpg,m.0kn7cv4_0002.jpg,impostor,1,VARIANT 1  [direct feature-comparison],"Based on the images provided, here are the specific facial features that support or contradict them being the same person:

1. Hair: The hair color and style are consistent between the two images, which suggests they are the same person.

2. Facial Structure: The overall facial structure, including the shape of the face, the position of the eyes, nose, and mouth, and the contours of the cheekbones and jawline, appear to be the same.

3. Skin Texture: The skin texture and tone are similar, which is another indicator that these could be the same person.

4. Eyes: The shape and color of the eyes are consistent, which supports the idea that these are the same person.

5. Mouth and Lips: The shape and size of the lips and the way they are positioned when the person is speaking or making a face are consistent.

6. Ears: The shape and size of the ears are consistent, which is another detail that supports the idea that these are the same person.

7. Nose: The shape and size of the nose are consistent, which is another detail that supports the idea that these are the same person.

8. Neck and Chin: The neck and chin are consistent in terms of the angle and the way the skin folds, which is another detail that supports the idea that these are the same person.

Given the consistency in these features, it is likely that these are indeed the same person. Therefore, my final answer is:

Yes, these are the same person.",41.906,256,True,True,2026-08-19T13:52:47Z,completed,literal,same,False
9,African,m.0gg1p1_0001.jpg,m.0kn7cv4_0002.jpg,impostor,2,VARIANT 2  [chain-of-thought],"Step 1:
Image 1:
- Face shape: Square
- Eye region: Eyes are open, looking slightly to the side, with a visible eyebrow.
- Nose: Straight and narrow, with a small bump on the bridge.
- Mouth: Closed with a slight parting the lips.
- Skin tone: Light with a hint of a tan.
- Hair: Short, with a blonde top and a darker root.

Image 2:
- Face shape: Square
- Eye region: Eyes are open, looking slightly to the side, with a visible eyebrow.
- Nose: Straight and narrow, with a small bump on the bridge.
- Mouth: Closed with a slight parting the lips.
- Skin tone: Light with a hint of a tan.
- Hair: Short, with a blonde top and a darker root.

Step 2:
- Similarities: Both images show the same person with a similar hairstyle, facial hair, and skin tone. The face shape, eye region, nose, and mouth are also very similar.
- Differences: There are no significant differences in the facial features between the two images.

Step 3:
Based on the analysis, the two faces belong to the same person. The similarities in facial features and the consistency in hairstyle and skin tone are indicative of the same individual.",39.472,207,True,True,2026-08-19T13:53:29Z,completed,literal,different,False
10,African,m.0xsk8_0001.jpg,m.0xsk8_0003.jpg,genuine,1,VARIANT 1  [direct feature-comparison],"The image provided is of low resolution and quality, making it difficult to discern specific facial features with certainty. However, I can attempt to describe the facial features that might be used to determine if the two images are of the same person:

1. Facial Hair: The person in both images has a mustache and a goatee.
2. Eye Color: The person in both images has dark eyes.
3. Eye Shape: The person in both images has a similar eye shape.
4. Nose: The person in both images has a similar nose shape.
5. Mouth: The person in both images has a similar mouth shape.
6. Skin Tone: The person in both images has a similar skin tone.

Based on these observations, it is likely that the two images are of the same person. However, without higher resolution images, it is not possible to definitively confirm this.

Final answer: Yes, the two images are likely of the same person.",27.577,159,True,True,2026-08-19T13:54:09Z,completed,literal,same,False
10,African,m.0xsk8_0001.jpg,m.0xsk8_0003.jpg,genuine,2,VARIANT 2  [chain-of-thought],"Step 1:
Image 1: The person in Image 1 has a prominent nose, full lips, and a mustache. The skin tone appears to be dark, and the hair is styled in a large, curly afro. The person is wearing sunglasses with a reflective surface, a red hat with a feather, and a red and white garment.

Image 2: The person in Image 2 has a similar facial structure with a prominent nose, full lips, and a mustache. The skin tone appears to be the same, and the hair is styled in a large, curly afro. The person is also wearing sunglasses with a reflective surface, a red hat with a feather, and a red and white garment.

Step 2:
The facial features are very similar between the two images, with the most notable similarities being the nose, lips, and mustache. The hair is also styled in a similar manner. The sunglasses and the red hat with a feather are identical in both images.

Step 3:
Based on the analysis, it is highly likely that the two faces belong to the same person. The similarities in facial features, hair style, sunglasses, and the red hat with a feather are too numerous to be coincidental. The final answer is Yes, the two faces belong to the same person.",37.638,216,True,True,2026-08-19T13:54:37Z,completed,literal,same,False
11,Asian,m.02pzprg_0003.jpg,m.02pzprg_0001.jpg,genuine,1,VARIANT 1  [direct feature-comparison],"Based on the images provided, here are the specific facial features that support or contradict them being the same person:

1. **Eyes**: The eyes in both images are similar in shape, size, and color.
2. **Nose**: The nose in both images is of a similar shape and size.
3. **Mouth**: The mouth in both images is similar in shape and the way it is closed.
4. **Chin**: The chin in both images is similar in shape and size.
5. **Ears**: The ears in both images are similar in shape and size.
6. **Facial Hair**: There is no visible facial hair in either image.
7. **Skin Tone**: The skin tone appears to be consistent between the two images.
8. **Wrinkles and Lines**: The wrinkles and lines on the face are consistent between the two images.

Given these similarities, it is likely that the person in both images is the same. Therefore, my final answer is:

**Yes, the person in both images is the same.**",30.094,163,True,True,2026-08-19T13:55:15Z,completed,literal,same,True
11,Asian,m.02pzprg_0003.jpg,m.02pzprg_0001.jpg,genuine,2,VARIANT 2  [chain-of-thought],"Step 1:
- Image 1: The person has a round face shape, with a prominent forehead and a straight nose. The eyes are almond-shaped with a slight squint, and the eyebrows are well-groomed. The person has a light skin tone and short, dark hair.
- Image 2: The person in Image 2 has a similar face shape, with a round face and a prominent forehead. The eyes are also almond-shaped with a slight squint, and the eyebrows are well-groomed. The person has a light skin tone and short, dark hair.

Step 2:
- Similarities: The facial features are very similar between the two images, including the face shape, eye shape, nose, eyebrows, and hair.
- Differences: There are no significant differences in the facial features between the two images.

Step 3:
Based on the analysis, the two faces belong to the same person. The similarities in facial features are too numerous to be coincidental, and the differences are minimal and do not alter the overall appearance.",30.406,166,True,True,2026-08-19T13:55:45Z,completed,literal,different,False
12,Asian,m.0808pqz_0002.jpg,m.0bmj4vm_0004.jpg,impostor,1,VARIANT 1  [direct feature-comparison],"Based on the images provided, here are the specific facial features that support or contradict them being the same person:

1. Hair: The hair in both images is similar in style and color, which suggests they could be the same person.

2. Eyes: The eyes in both images are similar in shape, size, and color, which further supports the idea that they could be the same person.

3. Nose: The nose in both images is similar in shape and size, which is consistent with the idea that they could be the same person.

4. Mouth and Lips: The lips and mouth area in both images are similar in shape and size, which is consistent with the idea that they could be the same person.

5. Facial Structure: The overall facial structure, including the cheekbones, jawline, and the shape of the face, appears to be consistent between the two images, which supports the idea that they could be the same person.

6. Skin Tone: The skin tone appears to be consistent between the two images, which is consistent with the idea that they could be the same person.

7. Ears: The ears in both images are similar in shape and size, which is consistent with the idea that they could be the same person.

8. Neck and Chin: The neck and chin area in both images are similar in shape and size, which is consistent with the idea that they could be the same person.

Based on these observations, it is highly likely that the two images are of the same person. Therefore, my final answer is: Yes, the two images are of the same person.",43.778,275,True,True,2026-08-19T13:56:16Z,completed,literal,same,False
12,Asian,m.0808pqz_0002.jpg,m.0bmj4vm_0004.jpg,impostor,2,VARIANT 2  [chain-of-thought],"Step 1:
Image 1:
- Face shape: Oval
- Eye region: Almond-shaped eyes with a slight upward tilt at the outer corners, and a subtle crease at the inner corners.
- Nose: Straight and narrow, with a small, slightly upturned tip.
- Mouth: Smiling, with a straight, even set of teeth and a small dimple on the left side of the chin.
- Skin tone: Fair with a slight pinkish hue.
- Hair: Short, straight, and light-colored, possibly blonde or white.

Image 2:
- Face shape: Similar to Image 1, but with a slightly more angular jawline.
- Eye region: Similar to Image 1, but with a slightly more pronounced upward tilt at the outer corners.
- Nose: Similar to Image 1, but with a slightly more pronounced bridge.
- Mouth: Similar to Image 1, but with a slightly more pronounced dimple on the left side of the chin.
- Skin tone: Similar to Image 1, but with a slightly more pronounced pinkish hue.
- Hair: Similar to Image 1, but with a slightly darker color, possibly indicating a touch of gray or a different lighting condition.

Step 2:
- Similarities: The facial features are very similar, with the most noticeable difference being the hair color.
- Differences: The hair color is different, with Image 2 having a slightly darker shade.

Step 3:
Based on the analysis, it is likely that the two faces belong to the same person, as the similarities in facial features are quite striking, and the differences are minimal and could be attributed to variations in lighting or the natural aging process.",48.271,266,True,True,2026-08-19T13:57:00Z,no_verdict,semantic,same,False
13,Asian,m.0hndjcv_0002.jpg,m.046x06_0001.jpg,impostor,1,VARIANT 1  [direct feature-comparison],"Based on the images provided, here are the specific facial features that support or contradict them being the same person:

1. Facial Structure: The facial structure, including the shape of the face, the position of the eyes, nose, and mouth, and the overall symmetry, appear to be consistent between the two images.

2. Hair: The hair style and color are similar, which suggests that the person in both images is the same.

3. Skin Texture: The skin texture appears to be consistent between the two images, which could indicate that the images were taken close together in time.

4. Wrinkles and Lines: The presence of wrinkles and lines on the face, particularly around the eyes and mouth, are consistent between the two images, which could suggest that the person is the same.

5. Facial Hair: The amount and style of facial hair are consistent between the two images.

6. Expression: The expression on the face, including the position of the eyebrows, the set of the mouth, and the overall demeanor, appear to be consistent between the two images.

7. Lighting and Shadow: The lighting and shadows on the face are consistent between the two images, which could indicate that the images were taken under similar lighting conditions.

8. Background: The background is not visible in both images, so it's not possible to compare them.

Taking all these factors into account, my final answer is: Yes, the two images are likely of the same person.",40.553,244,True,True,2026-08-19T13:57:48Z,completed,literal,same,False
13,Asian,m.0hndjcv_0002.jpg,m.046x06_0001.jpg,impostor,2,VARIANT 2  [chain-of-thought],"Step 1:
Image 1:
- Face shape: Oval
- Eye region: Almond-shaped eyes, slightly slanted, with a natural eyebrow shape
- Nose: Straight and narrow, with a small bridge
- Mouth: Thin lips, slightly parted, with a neutral expression
- Skin tone: Light with a hint of warmth
- Hair: Straight, dark, and shoulder-length, with a natural parting

Image 2:
- Face shape: Similar to Image 1, but slightly more angular
- Eye region: Similar to Image 1, but with a slightly different eyebrow shape
- Nose: Similar to Image 1, but with a slightly different angle
- Mouth: Similar to Image 1, but with a slightly different lip shape
- Skin tone: Similar to Image 1
- Hair: Similar to Image 1, but with a slightly different parting

Step 2:
- Similarities: The eyes, nose, and mouth are very similar in both images. The skin tone and hair color are also consistent.
- Differences: The eyebrows and the angle of the nose are slightly different in Image 2 compared to Image 1.

Step 3:
Based on the analysis, it is likely that the two faces belong to the same person. The similarities in the facial features, such as the shape of the eyes, nose, and mouth, as well as the skin tone and hair color, suggest that these are the same individual. The slight differences in the eyebrows and the angle of the nose could be due to natural variations or the angle of the shot.",44.352,247,True,True,2026-08-19T13:58:29Z,no_verdict,semantic,same,False
14,Asian,m.0fpgktc_0002.jpg,m.0bw148_0002.jpg,impostor,1,VARIANT 1  [direct feature-comparison],"Based on the images provided, I can observe several facial features that are consistent with the same person:

1. Eye shape and color: The eyes in both images appear to be of similar shape and color, which is a common trait among individuals.

2. Nose shape and size: The nose in both images has a similar shape and size, which is another common trait.

3. Mouth shape and smile: The mouth in both images has a similar shape and the person is smiling in both, which suggests a similar facial structure and expression.

4. Ear shape and piercings: The ears in both images have a similar shape, and there are visible piercings in both, which indicates that the person has maintained the same ear piercings.

5. Hair color and style: The hair color and style in both images are consistent, with the person having long hair and a similar hairstyle.

6. Skin tone and texture: The skin tone and texture in both images appear to be similar, which is another common trait among individuals.

7. Facial structure and symmetry: The overall facial structure and symmetry seem to be consistent between the two images.

Based on these observations, it is likely that the person in both images is the same. Therefore, my final answer is: Yes, the person in both images is the same.",36.156,223,True,True,2026-08-19T13:59:14Z,completed,literal,same,False
14,Asian,m.0fpgktc_0002.jpg,m.0bw148_0002.jpg,impostor,2,VARIANT 2  [chain-of-thought],"Step 1:
Image 1:
- Face shape: Oval
- Eye region: Almond-shaped eyes, slightly slanted, with a visible crease in the outer corners.
- Nose: Straight and narrow, with a small bump on the bridge.
- Mouth: Smiling, with a slight dimple on the left side.
- Skin tone: Fair with a hint of warmth.
- Hair: Long, straight, and parted in the middle.

Image 2:
- Face shape: Oval
- Eye region: Almond-shaped eyes, slightly slanted, with a visible crease in the outer corners.
- Nose: Straight and narrow, with a small bump on the bridge.
- Mouth: Smiling, with a slight dimple on the left side.
- Skin tone: Fair with a hint of warmth.
- Hair: Long, straight, and parted in the middle.

Step 2:
The facial features are very similar between the two images. The only noticeable difference is the slight variation in the hair parting, which is a common occurrence due to natural movement.

Step 3:
Based on the analysis, the two faces belong to the same person. The similarities in facial features, hair, and skin tone are too consistent to be attributed to two different individuals.",37.609,192,True,True,2026-08-19T13:59:50Z,no_verdict,semantic,different,False
15,Asian,m.03m9myz_0001.jpg,m.03chcb_0001.jpg,impostor,1,VARIANT 1  [direct feature-comparison],"Based on the images provided, here are the specific facial features that support or contradict them being the same person:

1. **Eyes**: The eyes in both images are similar in shape and size, which could suggest they are the same person.

2. **Nose**: The nose in both images appears to be of a similar shape and size, which could also indicate they are the same person.

3. **Mouth and Lips**: The lips and mouth shape are consistent between the two images, which might suggest they are the same person.

4. **Facial Hair**: There is no visible facial hair in either image, which could mean that the person is clean-shaven or that the images were taken at different times when the person had no facial hair.

5. **Skin Tone and Texture**: The skin tone and texture appear to be consistent between the two images, which could imply they are the same person.

6. **Ears**: The ears in both images are similar in shape and size, which might suggest they are the same person.

7. **Hair**: The hair in both images is similar in color and style, which could indicate they are the same person.

8. **Wrinkles and Lines**: The wrinkles and lines on the face are consistent between the two images, which might suggest they are the same person.

9. **Eyebrows**: The eyebrows in both images are similar in shape and size, which could imply they are the same person.

10. **Neck and Collar**: The neck and collar in both images are consistent, which might suggest they are the same person.

Given the consistency in these features, it is likely that the two images are of the same person. Therefore, my final answer is:

Yes, the two images are of the same person.",48.815,292,True,True,2026-08-19T14:00:28Z,completed,literal,same,False
15,Asian,m.03m9myz_0001.jpg,m.03chcb_0001.jpg,impostor,2,VARIANT 2  [chain-of-thought],"Step 1:
Image 1:
- Face shape: Oval
- Eye region: Eyes are open, looking directly at the camera, with a slight squint. The eyebrows are well-groomed and straight.
- Nose: Straight and of average length.
- Mouth: Closed with a slight smile.
- Skin tone: Light with a hint of warmth.
- Hair: Short, dark, and styled.

Image 2:
- Face shape: Oval
- Eye region: Eyes are open, looking directly at the camera, with a slight squint. The eyebrows are well-groomed and straight.
- Nose: Straight and of average length.
- Mouth: Closed with a slight smile.
- Skin tone: Light with a hint of warmth.
- Hair: Short, dark, and styled.

Step 2:
- Similarities: The facial features are very similar, including the face shape, eye region, nose, mouth, skin tone, and hair.
- Differences: There are no significant differences that can be observed between the two images.

Step 3:
Based on the analysis, the two faces belong to the same person. The similarities in facial features are too numerous to be coincidental, and the differences are minimal and do not suggest a different individual.",37.563,188,True,True,2026-08-19T14:01:17Z,completed,literal,different,False
16,Asian,m.0c8lw7_0005.jpg,m.0c8lw7_0003.jpg,genuine,1,VARIANT 1  [direct feature-comparison],"Based on the images provided, here are the specific facial features that support or contradict them being the same person:

Supporting Features:
1. Similar hairline and hair color.
2. Similar facial structure, including the shape of the face, the position of the eyes, and the contour of the cheekbones.
3. Similar nose shape and size.
4. Similar mouth shape and size.
5. Similar chin shape and size.

Contradicting Features:
1. The image on the right appears to have a slight blur, which could make some features less distinct.
2. The image on the right has a microphone in front of the person, which could be a different model or color than the one in the image on the left.
3. The image on the right has a different background, which might suggest a different setting or event.

Final Answer: Yes, the two images are likely of the same person due to the similarities in facial features and the context provided by the backgrounds.",28.336,163,True,True,2026-08-19T14:01:55Z,completed,literal,same,False
16,Asian,m.0c8lw7_0005.jpg,m.0c8lw7_0003.jpg,genuine,2,VARIANT 2  [chain-of-thought],"Step 1:
Image 1:
- Face shape: Oval
- Eye region: Eyes are open, looking slightly to the side, with visible wrinkles around the eyes and crow's feet.
- Nose: Straight and narrow, with a slightly upturned tip.
- Mouth: Closed with a slight frown or serious expression.
- Skin tone: Light with some age-related spots and blemishes.
- Hair: Short, dark, and neatly combed.

Image 2:
- Face shape: Similar to Image 1, but slightly more angular.
- Eye region: Eyes are open, looking slightly to the side, with visible wrinkles around the eyes and crow's feet.
- Nose: Similar to Image 1, but slightly more prominent.
- Mouth: Closed with a slight frown or serious expression.
- Skin tone: Similar to Image 1, with some age-related spots and blemishes.
- Hair: Similar to Image 1, but slightly more disheveled.

Step 2:
- Similarities: The facial features are very similar, with the most noticeable differences being the hair and the slight variation in the face shape.
- Differences: The hair in Image 2 appears to be less neatly combed and more disheveled compared to Image 1.

Step 3:
Based on the analysis, it is likely that the two faces belong to the same person. The similarities in facial features, such as the shape of the face, the positioning of the eyes, the nose, and the mouth, as well as the skin tone and hair color, suggest that these are images of the same individual. The slight differences in hair and face shape could be due to the angle of the photo or the individual",49.618,265,True,True,2026-08-19T14:02:24Z,no_verdict,semantic,same,True
17,Asian,m.0r4xp0m_0002.jpg,m.0j63nd5_0004.jpg,impostor,1,VARIANT 1  [direct feature-comparison],"The image provided is of a person with a smiling expression. To determine if these two images are of the same person, we would look for consistent facial features such as the shape of the face, the position of the eyes, the shape of the nose, the shape of the lips, and the overall facial structure.

Comparing the two images, I can observe the following:

1. The person has a similar facial structure with a symmetrical face.
2. The eyes are of a similar shape and size, and they are positioned similarly in both images.
3. The nose appears to be of a similar shape and size in both images.
4. The lips are similar in shape and are positioned in a similar manner when the person is smiling.
5. The overall facial structure, including the cheekbones, jawline, and hairline, seems consistent between the two images.

Based on these observations, it is likely that the two images are of the same person. The facial features are consistent, suggesting that the person in both images is the same individual.

Final answer: Yes, the two images are likely of the same person.",30.535,190,True,True,2026-08-19T14:03:14Z,completed,literal,same,False
17,Asian,m.0r4xp0m_0002.jpg,m.0j63nd5_0004.jpg,impostor,2,VARIANT 2  [chain-of-thought],"Step 1:
- Image 1: The person has a light skin tone, straight, shoulder-length hair with a side parting. The facial features include a symmetrical face shape, almond-shaped eyes, a straight nose, and a closed mouth with a slight smile. The person appears to be a young adult.
- Image 2: The person in Image 2 has a similar light skin tone and straight, shoulder-length hair with a side parting. The facial features include a symmetrical face shape, almond-shaped eyes, a straight nose, and a closed mouth with a slight smile. The person also appears to be a young adult.

Step 2:
- Similarities: Both individuals have very similar facial features, including hair color, hair style, face shape, eye shape, nose shape, and mouth expression.
- Differences: There are no significant differences in the facial features between the two individuals.

Step 3:
Based on the analysis, it is highly likely that the two faces belong to the same person. The similarities in facial features are too numerous to be coincidental, and the differences are minimal and do not alter the overall appearance significantly.",32.541,183,True,True,2026-08-19T14:03:45Z,completed,literal,different,False
18,Asian,m.03wj9_5_0001.jpg,m.03wj9_5_0003.jpg,genuine,1,VARIANT 1  [direct feature-comparison],"Based on the images provided, I can observe several facial features that are consistent with each other, suggesting they are of the same person:

1. Eye shape and color: Both eyes have a similar shape and color, which is a common trait among individuals.
2. Nose shape and size: The nose in both images has a similar shape and size, which is another common trait.
3. Mouth shape and lip color: The lips in both images have a similar shape and color, which is another trait that can be consistent among individuals.
4. Ear shape and size: The ears in both images have a similar shape and size, which is another common trait.
5. Hair color and style: The hair in both images has a similar color and style, which is another trait that can be consistent among individuals.

Given these consistent features, it is likely that the two images are of the same person. However, without additional context or information, it is not possible to definitively confirm that they are of the same person. Therefore, my final answer is:

Final answer: Yes, the two images are likely of the same person.",30.669,192,True,True,2026-08-19T14:04:17Z,completed,literal,same,False
18,Asian,m.03wj9_5_0001.jpg,m.03wj9_5_0003.jpg,genuine,2,VARIANT 2  [chain-of-thought],"Step 1:
Image 1:
- Face shape: Oval
- Eye region: Almond-shaped eyes with a slight upward tilt at the outer corners
- Nose: Straight and narrow with a small, slightly upturned tip
- Mouth: Lips are slightly parted, showing a hint of the teeth, and the lower lip is slightly longer than the upper lip
- Skin tone: Fair with a hint of warmth
- Hair: Short, wavy, and styled upwards with a side parting

Image 2:
- Face shape: Similar to Image 1, but slightly more angular
- Eye region: Similar to Image 1, but the eyes appear to be slightly more open and the outer corners are more upturned
- Nose: Similar to Image 1, but the tip appears to be slightly more upturned
- Mouth: Similar to Image 1, but the lips are slightly more parted, showing more teeth
- Skin tone: Similar to Image 1
- Hair: Similar to Image 1, but the hair appears to be slightly darker and the style is more voluminous

Step 2:
- Similarities: The facial features are very similar, with the most noticeable differences being the slightly more open eyes and the more voluminous hair in Image 2.
- Differences: The eyes in Image 2 are more open and the outer corners are more upturned, and the hair in Image 2 is slightly darker and more voluminous.

Step 3:
Based on the analysis, it is likely that the two faces belong to the same person. The similarities in facial features, such as eye shape, nose shape, and lip shape, are quite striking. The differences in eye openness and hair volume are minor and could be due to natural variations",49.642,280,True,True,2026-08-19T14:04:48Z,no_verdict,semantic,same,True
19,Asian,m.02z0r7w_0001.jpg,m.02z0r7w_0002.jpg,genuine,1,VARIANT 1  [direct feature-comparison],"Based on the images provided, here are the specific facial features that support or contradict them being the same person:

1. **Eyes**: The eyes in both images appear to be the same, suggesting they could be the same person.
2. **Nose**: The nose in both images is similar in shape and size, which could indicate they are the same person.
3. **Mouth**: The mouth in both images has a similar shape and is positioned in a similar way, which could suggest they are the same person.
4. **Chin**: The chin in both images is similar in shape and size, which could indicate they are the same person.
5. **Ears**: The ears in both images are similar in shape and size, which could suggest they are the same person.
6. **Facial Hair**: There is no visible facial hair in either image, which could indicate that the person in both images is clean-shaven.
7. **Skin Tone**: The skin tone appears to be consistent across both images, which could suggest they are the same person.

Given these observations, it is likely that the person in both images is the same. However, without additional context or a clearer view of the face, it is not possible to definitively confirm that they are the same person.

Final answer: Yes, the person in both images appears to be the same.",37.032,224,True,True,2026-08-19T14:05:38Z,completed,literal,same,False
19,Asian,m.02z0r7w_0001.jpg,m.02z0r7w_0002.jpg,genuine,2,VARIANT 2  [chain-of-thought],"Step 1:
Image 1: The person in Image 1 has a round face shape, with a prominent nose and a closed mouth. The eyes are open and appear to be looking slightly to the side. The skin tone is fair, and the hair is dark and short.

Image 2: The person in Image 2 also has a round face shape, with a similar prominent nose and a closed mouth. The eyes are open and appear to be looking slightly to the side, similar to Image 1. The skin tone is also fair, and the hair is dark and short, similar to Image 1.

Step 2:
The similarities between the two images include the round face shape, prominent nose, closed mouth, and similar eye positioning. The skin tone and hair color are also consistent between the two images.

Step 3:
Based on the analysis, the two faces appear to belong to the same person. The similarities in facial features, skin tone, and hair color are indicative of the same individual. Therefore, the final answer is Yes.",29.717,175,True,True,2026-08-19T14:06:16Z,completed,literal,same,False
20,Asian,m.03c62bf_0002.jpg,m.03c62bf_0001.jpg,genuine,1,VARIANT 1  [direct feature-comparison],"Based on the images provided, here are the specific facial features that support or contradict them being the same person:

1. **Eyes**: The eyes in both images are similar in shape and color, which suggests they could be the same person.

2. **Nose**: The nose in both images is of a similar shape and size, which is consistent with the idea that they are the same person.

3. **Mouth**: The lips and the shape of the mouth are quite similar in both images, which supports the notion that they are the same person.

4. **Chin**: The chin in both images appears to be of a similar shape and size, which is consistent with the idea that they are the same person.

5. **Facial Structure**: The overall facial structure, including the cheekbones, jawline, and the way the face is proportioned, is quite similar in both images, which supports the idea that they are the same person.

6. **Skin Tone**: The skin tone appears to be consistent across both images, which is another point in favor of them being the same person.

7. **Hair**: The hair in both images is similar in color and style, which supports the idea that they are the same person.

8. **Expression**: The expressions on the face are quite similar in both images, which is another point in favor of them being the same person.

Given the consistency in these features, it is highly likely that the two images are of the same person. Therefore, my final answer is:

**Yes, the two images are of the same person.**",43.148,261,True,True,2026-08-19T14:06:46Z,completed,literal,same,True
20,Asian,m.03c62bf_0002.jpg,m.03c62bf_0001.jpg,genuine,2,VARIANT 2  [chain-of-thought],"Step 1:
Image 1:
- Face shape: Round with a slightly pointed chin.
- Eye region: Almond-shaped eyes with a natural eyebrow shape.
- Nose: Small and straight.
- Mouth: Lips are slightly parted, and the person is making a playful gesture with their index finger.
- Skin tone: Light with a natural complexion.
- Hair: Straight, shoulder-length bangs with a side parting.

Image 2:
- Face shape: Similar to Image 1, with a slightly pointed chin.
- Eye region: Almond-shaped eyes with a natural eyebrow shape.
- Nose: Small and straight, similar to Image 1.
- Mouth: Lips are slightly parted, and the person is making a playful gesture with their index finger.
- Skin tone: Light with a natural complexion.
- Hair: Straight, shoulder-length bangs with a side parting, similar to Image 1.

Step 2:
- Similarities: The facial features are very similar, including the face shape, eye shape, nose, mouth, and hair.
- Differences: There are no significant differences that can be observed between the two images.

Step 3:
Based on the analysis, it is highly likely that the two faces belong to the same person. The similarities in facial features, hair, and the playful gesture with the index finger are indicative of the same individual.",41.322,209,True,True,2026-08-19T14:07:29Z,completed,literal,different,False
21,Caucasian,m.028ckg_0003.jpg,m.0gwprg_0001.jpg,impostor,1,VARIANT 1  [direct feature-comparison],"Based on the images provided, I can observe several facial features that are consistent with each other, suggesting that they are indeed of the same person:

1. **Facial Structure**: The overall shape of the face, including the jawline, cheekbones, and nose, appears to be similar in both images.

2. **Eyes and Eyebrows**: The eyes and eyebrows are positioned and shaped similarly in both images.

3. **Mouth and Lips**: The lips and the way they are parted or closed are consistent in both images.

4. **Ears**: The ears are of a similar size and shape in both images.

5. **Hair**: The hair is styled in a similar manner, with a similar parting and length.

6. **Skin Tone and Texture**: The skin tone and texture appear to be consistent between the two images.

7. **Facial Hair**: The presence or absence of facial hair is consistent in both images.

8. **Wrinkles and Lines**: The wrinkles and lines on the face, such as the crow's feet around the eyes and the lines on the forehead, are similar in both images.

9. **Earrings**: The presence of an earring in the left ear is consistent in both images.

10. **Expression**: The expression on the face, including the eyes, eyebrows, and mouth, is similar in both images.

Given these consistent features, it is likely that the two images are of the same person. Therefore, my final answer is:

Yes, the two images are of the same person.",43.818,240,True,True,2026-08-19T14:08:11Z,completed,literal,same,False
21,Caucasian,m.028ckg_0003.jpg,m.0gwprg_0001.jpg,impostor,2,VARIANT 2  [chain-of-thought],"Step 1:
Image 1:
- Face shape: Oval
- Eye region: Eyes are open, looking directly at the camera, with a slight squint.
- Nose: Straight and prominent, with a small bump on the bridge.
- Mouth: Closed with a slight frown.
- Skin tone: Fair with some age-related spots and lines.
- Hair: Short, neatly combed, and graying.

Image 2:
- Face shape: Similar to Image 1, but slightly more angular.
- Eye region: Eyes are open, looking directly at the camera, with a similar slight squint.
- Nose: Similar in shape and size to Image 1.
- Mouth: Closed with a similar slight frown.
- Skin tone: Similar to Image 1, with some age-related spots and lines.
- Hair: Similar in style and color to Image 1, but slightly more gray.

Step 2:
- Similarities: The facial features are very similar, with the most noticeable differences being the slight variations in the angle of the face and the amount of gray in the hair.
- Differences: The angle of the face in Image 2 is slightly more angular than in Image 1, and the hair in Image 2 appears to be slightly more gray.

Step 3:
Based on the analysis, the two faces appear to belong to the same person. The similarities in facial features, such as the shape of the face, the position of the eyes, the size and shape of the nose, and the style of the hair, suggest that these are indeed the same individual. The slight differences in the angle of the face and the amount of gray in the hair are not enough to definitively conclude that they are not the same person, as these could be",49.596,284,True,True,2026-08-19T14:08:55Z,no_verdict,semantic,different,True
22,Caucasian,m.02phppl_0003.jpg,m.09rc___0001.jpg,impostor,1,VARIANT 1  [direct feature-comparison],"Based on the images provided, here are the specific facial features that support or contradict them being the same person:

1. **Eyes**: The eyes in both images are similar in shape and color, which suggests they could be the same person.

2. **Nose**: The nose in both images is of a similar shape and size, which is consistent with the eyes and supports the idea that they could be the same person.

3. **Mouth**: The mouth in both images is similar in shape and position, which further supports the idea that they could be the same person.

4. **Chin**: The chin in both images is similar in shape and size, which is consistent with the other features and supports the idea that they could be the same person.

5. **Facial Hair**: The facial hair in both images is similar in color and style, which is consistent with the other features and supports the idea that they could be the same person.

6. **Skin Tone**: The skin tone in both images is similar, which is consistent with the other features and supports the idea that they could be the same person.

7. **Ear**: The ear in both images is similar in shape and size, which is consistent with the other features and supports the idea that they could be the same person.

8. **Hair**: The hair in both images is similar in color and style, which is consistent with the other features and supports the idea that they could be the same person.

Given the consistency in these features, it is likely that the two images are of the same person. Therefore, my final answer is:

**Yes, the two images are of the same person.**",44.896,284,True,True,2026-08-19T14:09:45Z,completed,literal,same,True
22,Caucasian,m.02phppl_0003.jpg,m.09rc___0001.jpg,impostor,2,VARIANT 2  [chain-of-thought],"Step 1:
Image 1:
- Face shape: Oval
- Eye region: Eyes are open, looking slightly to the side, with a noticeable arch of the eyebrows.
- Nose: Straight and narrow, with a small bump on the bridge.
- Mouth: Closed with a slight smile, showing teeth.
- Skin tone: Fair with a hint of freckles.
- Hair: Short, straight, and parted to the side.

Image 2:
- Face shape: Oval
- Eye region: Eyes are open, looking slightly to the side, with a noticeable arch of the eyebrows.
- Nose: Straight and narrow, with a small bump on the bridge.
- Mouth: Closed with a slight smile, showing teeth.
- Skin tone: Fair with a hint of freckles.
- Hair: Short, straight, and parted to the side.

Step 2:
The facial features are very similar between the two images. The only noticeable difference is the slight variation in the position of the eyebrows and the angle of the smile.

Step 3:
Based on the analysis, the two faces belong to the same person. The similarities in facial features, such as the shape of the face, the arch of the eyebrows, the shape of the nose, the position of the teeth, and the hair, all indicate that these are the same person.",39.572,212,True,True,2026-08-19T14:10:30Z,no_verdict,semantic,same,False
23,Caucasian,m.065tmb_0004.jpg,m.04f07rj_0002.jpg,impostor,1,VARIANT 1  [direct feature-comparison],"Based on the images provided, I can observe several facial features that are consistent with the same person:

1. Eye color: Both images show the person with the same eye color.
2. Eye shape: The eyes have a similar shape and size.
3. Nose shape: The nose has a similar shape and size.
4. Mouth shape: The lips and mouth area have a similar shape and color.
5. Facial structure: The overall facial structure, including the cheekbones, jawline, and the way the face is framed by the hair, appears to be consistent.

However, there are also some differences that could suggest they are not the same person:

1. Skin texture: There might be slight variations in skin texture, which could be due to lighting, makeup, or the quality of the images.
2. Hair color: The hair color appears to be slightly different, with the hair in the second image having a slightly darker blonde hue.
3. Hair style: The hair is styled differently in each image, with the second image showing a slightly different parting or hair arrangement.

Given these observations, it is difficult to definitively say whether the two images are of the same person. The differences in hair color and style, along with the slight variations in skin texture, could be due to natural variations or the quality of the images. Therefore, I would say that it is not possible to confirm with certainty that the two images are of the same person.",39.59,245,True,True,2026-08-19T14:11:10Z,no_verdict,semantic,same,False
23,Caucasian,m.065tmb_0004.jpg,m.04f07rj_0002.jpg,impostor,2,VARIANT 2  [chain-of-thought],"Step 1:
Image 1:
- Face shape: Oval
- Eye region: Blue eyes, well-defined eyebrows, and a slight crease at the outer corners of the eyes.
- Nose: Straight and narrow, with a small bump on the bridge.
- Mouth: Lips are slightly parted, showing a hint of the teeth, and the lips are a natural pink color.
- Skin tone: Fair with a slight golden undertone.
- Hair: Blonde, straight, and parted in the middle.

Image 2:
- Face shape: Similar to Image 1, but slightly more angular.
- Eye region: Blue eyes, well-defined eyebrows, and a slight crease at the outer corners of the eyes.
- Nose: Similar to Image 1, but slightly more prominent.
- Mouth: Lips are slightly parted, showing a hint of the teeth, and the lips are a natural pink color.
- Skin tone: Similar to Image 1, but with a slightly more golden undertone.
- Hair: Blonde, straight, and parted in the middle.

Step 2:
- Similarities: The facial features are very similar, with the most noticeable differences being the slightly more angular face shape in Image 2 and the slightly more prominent nose.
- Differences: The face shape is slightly different, and the nose appears to be slightly larger in Image 2.

Step 3:
Based on the analysis, the two faces appear to belong to the same person. The differences are minimal and could be attributed to natural variations in facial features or the angle of the photographs.",45.061,246,True,True,2026-08-19T14:11:50Z,no_verdict,semantic,same,False
24,Caucasian,m.0by0n0x_0003.jpg,m.0by0n0x_0001.jpg,genuine,1,VARIANT 1  [direct feature-comparison],"Based on the images provided, here are the specific facial features that support or contradict them being the same person:

1. **Eyes**: The eyes in both images appear to be the same, suggesting they are the same person.
2. **Nose**: The nose in both images is similar in shape and size, which supports the idea that they are the same person.
3. **Mouth**: The mouth in both images has a similar shape and is positioned in a similar way, which supports the idea that they are the same person.
4. **Chin**: The chin in both images is similar in shape and size, which supports the idea that they are the same person.
5. **Facial Hair**: The facial hair in both images is similar in color and style, which supports the idea that they are the same person.
6. **Ears**: The ears in both images are similar in shape and size, which supports the idea that they are the same person.
7. **Hair**: The hair in both images is similar in color and style, which supports the idea that they are the same person.

Given the consistency in these features, my final answer is:

**Yes, these are the same person.**",33.184,199,True,True,2026-08-19T14:12:35Z,completed,literal,same,True
24,Caucasian,m.0by0n0x_0003.jpg,m.0by0n0x_0001.jpg,genuine,2,VARIANT 2  [chain-of-thought],"Step 1:
Image 1:
- Face shape: Oval
- Eye region: Eyes are open, eyebrows are well-groomed, and the eyes are a light color, possibly blue or green.
- Nose: Straight and of average length.
- Mouth: Lips are closed, and the mouth is not visible.
- Skin tone: Fair with a slight flush on the cheeks.
- Hair: Short, dark brown hair with a slight wave.

Image 2:
- Face shape: Similar to Image 1, but slightly more angular.
- Eye region: Eyes are open, eyebrows are well-groomed, and the eyes are a light color, possibly blue or green.
- Nose: Similar to Image 1, straight and of average length.
- Mouth: Lips are closed, and the mouth is not visible.
- Skin tone: Similar to Image 1, fair with a slight flush on the cheeks.
- Hair: Similar to Image 1, short, dark brown hair with a slight wave.

Step 2:
- Similarities: The facial features are very similar between the two images, including the face shape, eye color, nose shape, and hair color and style.
- Differences: There are subtle differences in the facial features, such as the angle of the face, the slight variation in the hairline, and the position of the eyebrows.

Step 3:
Based on the analysis, it is highly likely that the two faces belong to the same person. The similarities in facial features are quite striking, and the differences are minimal and could be attributed to natural variations in facial expressions or lighting conditions.",45.814,252,True,True,2026-08-19T14:13:09Z,no_verdict,semantic,same,False
25,Caucasian,m.09571f_0004.jpg,m.09571f_0001.jpg,genuine,1,VARIANT 1  [direct feature-comparison],"Based on the images provided, here are the specific facial features that support or contradict them being the same person:

1. **Eyes**: The eyes in both images are similar in shape and color, which suggests they could be the same person.

2. **Nose**: The nose in both images is of a similar shape and size, which supports the idea that they are the same person.

3. **Mouth**: The mouth in both images is similar in shape and size, which supports the idea that they are the same person.

4. **Chin**: The chin in both images is similar in shape and size, which supports the idea that they are the same person.

5. **Ears**: The ears in both images are similar in shape and size, which supports the idea that they are the same person.

6. **Facial Hair**: There is no visible facial hair in either image, which suggests that the person in both images is likely a child or a young adult.

7. **Skin Tone**: The skin tone appears consistent across both images, which supports the idea that they are the same person.

8. **Hair**: The hair in both images is similar in color and style, which supports the idea that they are the same person.

9. **Expression**: The expressions on the face in both images are similar, which supports the idea that they are the same person.

10. **Background**: The background in both images is similar, which supports the idea that they are the same person.

Given the consistency in these features, it is likely that the person in both images is the same. Therefore, my final answer is:

Yes, the person in both images is the same.",45.923,279,True,True,2026-08-19T14:13:55Z,completed,literal,same,False
25,Caucasian,m.09571f_0004.jpg,m.09571f_0001.jpg,genuine,2,VARIANT 2  [chain-of-thought],"Step 1:
Image 1:
- Face shape: Oval
- Eye region: Almond-shaped eyes, with a slight upward slant at the outer corners, and a visible crease in the center of the eyebrows.
- Nose: Straight and narrow, with a small, slightly upturned tip.
- Mouth: Smiling, with the upper lip slightly longer than the lower lip.
- Skin tone: Light, with a natural flush on the cheeks.
- Hair: Short, straight, and parted to the side.

Image 2:
- Face shape: Similar to Image 1, but with a slightly more angular jawline.
- Eye region: Similar to Image 1, but with a slightly different crease in the eyebrows.
- Nose: Similar to Image 1, but with a slightly more pronounced tip.
- Mouth: Similar to Image 1, but with a slightly different shape to the lips.
- Skin tone: Similar to Image 1.
- Hair: Similar to Image 1, but with a slightly different parting and a bit more volume on top.

Step 2:
- Similarities: The eyes, nose, and mouth are very similar in both images. The skin tone and hair color are also consistent.
- Differences: The eyebrows have a slightly different crease, and the lips have a slightly different shape. The hair parting and volume on top are also different.

Step 3:
Based on the analysis, the two faces appear to belong to the same person. The similarities in the facial features, such as the eyes, nose, and mouth, are more significant than the differences. The variations in the eyebrows, lips, and hair parting and volume are typical for different expressions or hairstyles.",48.58,266,True,True,2026-08-19T14:14:41Z,no_verdict,semantic,same,False
26,Caucasian,m.055lvl_0003.jpg,m.055lvl_0001.jpg,genuine,1,VARIANT 1  [direct feature-comparison],"Based on the images provided, I can observe several facial features that are consistent with each other, suggesting that they are indeed of the same person:

1. The shape of the eyebrows is similar in both images.
2. The eyes are of a similar shape and size.
3. The nose has a similar shape and size.
4. The lips are of a similar shape and size.
5. The chin has a similar shape and size.
6. The overall facial structure, including the jawline and cheekbones, appears to be consistent.

Given these observations, my final answer is: Yes, these are likely the same person.",19.202,103,True,True,2026-08-19T14:15:30Z,completed,literal,same,False
26,Caucasian,m.055lvl_0003.jpg,m.055lvl_0001.jpg,genuine,2,VARIANT 2  [chain-of-thought],"Step 1:
Image 1: The person in Image 1 has a round face shape, with a prominent forehead and a straight nose. The eyes are open and appear to be looking directly at the camera. The person has a light skin tone and short, dark hair.

Image 2: The person in Image 2 also has a round face shape, with a similar prominent forehead and straight nose. The eyes are open and appear to be looking directly at the camera, similar to Image 1. The person has a light skin tone and short, dark hair.

Step 2:
The facial features in both images are very similar, with the most noticeable differences being the slight variations in the person's expression and the position of the hair. The person's eyes, nose, and mouth are all in the same general location in both images.

Step 3:
Based on the analysis, it is highly likely that the two faces belong to the same person. The similarities in facial features, hair, and skin tone, along with the consistent expression and pose, suggest that the images are of the same individual.",30.854,185,True,True,2026-08-19T14:15:49Z,no_verdict,semantic,same,False
27,Caucasian,m.022k9k_0002.jpg,m.022k9k_0003.jpg,genuine,1,VARIANT 1  [direct feature-comparison],"Based on the images provided, here are the specific facial features that support or contradict them being the same person:

1. **Hair**: The most striking difference is the hair. The person in the top image has a full head of hair, while the person in the bottom image is bald.

2. **Eyes**: The eyes are similar in shape and color, but the person in the top image has a slightly different eye shape and color compared to the person in the bottom image.

3. **Nose**: The nose is similar in shape and size, but there are subtle differences in the bridge and the tip of the nose.

4. **Mouth and Chin**: The mouth and chin are very similar, but there are slight variations in the shape and size of the lips and the contour of the chin.

5. **Ears**: The ears are similar in shape and size, but there are minor differences in the positioning and the folds of the skin.

6. **Facial Structure**: The overall facial structure, including the cheekbones, jawline, and the contour of the face, is quite similar.

7. **Skin Texture**: The skin texture appears to be similar, with the same amount of wrinkles and blemishes.

8. **Eyebrows**: The eyebrows are similar in shape and color, but there are slight variations in the arch and the thickness of the eyebrows.

9. **Neck and Collar**: The neck and collar are similar, but there are minor differences in the way the collar is worn.

10. **Background**: The background is different, which could suggest that the images were taken at different times or in different locations.

Given the differences in hair, eyes, and minor variations in other features, it is likely that these are two different individuals. The similar",48.855,289,True,True,2026-08-19T14:16:21Z,no_verdict,semantic,different,True
27,Caucasian,m.022k9k_0002.jpg,m.022k9k_0003.jpg,genuine,2,VARIANT 2  [chain-of-thought],"Step 1:
Image 1:
- Face shape: Oval
- Eye region: Eyes are open, looking directly at the camera, with visible eyelashes and eyebrows.
- Nose: A straight, narrow nose.
- Mouth: A closed mouth with a slight smile.
- Skin tone: Light, with some visible wrinkles and age spots.
- Hair: Bald on top with a small amount of hair on the sides and back.

Image 2:
- Face shape: Similar to Image 1, but with a slightly more pronounced jawline.
- Eye region: Eyes are open, looking directly at the camera, with visible eyelashes and eyebrows.
- Nose: A straight, narrow nose.
- Mouth: A closed mouth with a slight smile.
- Skin tone: Similar to Image 1, with some visible wrinkles and age spots.
- Hair: Similar to Image 1, with a small amount of hair on the sides and back.

Step 2:
- Similarities: The facial features are very similar between the two images, including the face shape, eye region, nose, mouth, skin tone, and hair.
- Differences: There are subtle differences in the jawline and the position of the hair on the sides and back.

Step 3:
Based on the analysis, it is highly likely that the two faces belong to the same person. The similarities in facial features are quite striking, and the differences are minimal and could be attributed to natural variations or the angle of the photograph.",42.866,235,True,True,2026-08-19T14:17:10Z,no_verdict,semantic,same,False
28,Caucasian,m.0c9f3p_0001.jpg,m.0c9f3p_0003.jpg,genuine,1,VARIANT 1  [direct feature-comparison],"The image provided is of a person with a beard and mustache, wearing glasses and a blue shirt. The facial features that are consistent across both images include the shape of the eyebrows, the nose, the mouth, and the overall facial structure. The beard and mustache are also consistent in both images.

Based on these consistent features, it is likely that the two images are of the same person. The differences in the images, such as the lighting and the background, do not seem to significantly alter the facial features that are indicative of the person's identity.

Final answer: Yes, the two images are likely of the same person.",18.772,109,True,True,2026-08-19T14:17:53Z,completed,literal,same,False
28,Caucasian,m.0c9f3p_0001.jpg,m.0c9f3p_0003.jpg,genuine,2,VARIANT 2  [chain-of-thought],"Step 1:
Image 1:
- Face shape: Oval
- Eye region: Eyes are open, looking directly at the camera, with visible eyelashes and eyebrows. The eyes are a light color, possibly blue or grey.
- Nose: The nose is straight and of average length.
- Mouth: The mouth is closed, and the lips are pink.
- Skin tone: The skin appears to be fair with some visible wrinkles, particularly around the eyes and mouth.
- Hair: The hair is white and appears to be styled in a way that it is parted and neatly combed.

Image 2:
- Face shape: Similar to Image 1, with a slightly more pronounced oval shape.
- Eye region: The eyes are open, looking directly at the camera, with visible eyelashes and eyebrows. The eyes are a light color, possibly blue or grey.
- Nose: The nose is straight and of average length.
- Mouth: The mouth is closed, and the lips are pink.
- Skin tone: The skin appears to be fair with some visible wrinkles, particularly around the eyes and mouth.
- Hair: The hair is white and appears to be styled in a way that it is parted and neatly combed.

Step 2:
- Similarities: The facial features are very similar between the two images. The eyes, nose, mouth, and hair are all very consistent.
- Differences: There are no significant differences in the facial features between the two images.

Step 3:
Based on the analysis, the two faces appear to belong to the same person. The consistency in the facial features, including the eyes, nose, mouth, and hair, suggests that the images are of the same individual.",48.43,276,True,True,2026-08-19T14:18:12Z,completed,literal,different,False
29,Caucasian,m.05vv58n_0001.jpg,m.066063m_0002.jpg,impostor,1,VARIANT 1  [direct feature-comparison],"The two images appear to be of the same person. Here are the specific facial features that support this conclusion:

1. Similar facial structure: Both images show a person with a similar facial structure, including the shape of the face, the position of the eyes, the nose, and the mouth.

2. Hair and eyebrows: The hair and eyebrows are consistent in color and style across both images.

3. Eye shape and color: The eyes in both images have a similar shape and color.

4. Nose shape and size: The nose in both images has a similar shape and size.

5. Mouth and teeth: The mouth and teeth are consistent in shape and alignment.

6. Skin tone and texture: The skin tone and texture appear to be the same in both images.

7. Overall expression and mood: The person in both images has a similar expression and mood.

Based on these observations, it is likely that the two images are of the same person.",27.43,163,True,True,2026-08-19T14:19:01Z,no_verdict,semantic,same,False
29,Caucasian,m.05vv58n_0001.jpg,m.066063m_0002.jpg,impostor,2,VARIANT 2  [chain-of-thought],"Step 1:
Image 1:
- Face shape: Oval
- Eye region: Eyes are open, looking directly at the camera, with a slight squint.
- Nose: Straight and narrow, with a small bump on the bridge.
- Mouth: Closed with a slight smile, showing teeth.
- Skin tone: Light with a hint of pinkness on the cheeks.
- Hair: Short, straight, and parted to the side.

Image 2:
- Face shape: Oval
- Eye region: Eyes are open, looking directly at the camera, with a slight squint.
- Nose: Straight and narrow, with a small bump on the bridge.
- Mouth: Closed with a slight smile, showing teeth.
- Skin tone: Light with a hint of pinkness on the cheeks.
- Hair: Short, straight, and parted to the side.

Step 2:
The facial features are very similar between the two images. The only noticeable difference is the slight variation in the position of the hair parting.

Step 3:
Based on the analysis, the two faces belong to the same person. The similarities in facial features, such as the shape of the face, the position of the eyes, the shape of the nose, the shape of the mouth, the skin tone, and the hair, all indicate that these are the same person.",39.436,210,True,True,2026-08-19T14:19:28Z,no_verdict,semantic,same,False
30,Caucasian,m.013xhr_0002.jpg,m.09w_st_0003.jpg,impostor,1,VARIANT 1  [direct feature-comparison],"Based on the images provided, here are the specific facial features that support or contradict them being the same person:

1. **Eyes**: The eyes in both images are similar in shape and color, which suggests they could be the same person.

2. **Nose**: The nose in both images is of a similar shape and size, which is consistent with the eyes and supports the idea that they could be the same person.

3. **Mouth**: The mouth in both images is similar in shape and the way it is closed, which is another feature that supports the idea that they could be the same person.

4. **Chin**: The chin in both images is similar in shape and size, which is another feature that supports the idea that they could be the same person.

5. **Facial Hair**: There is no visible facial hair in either image, which is consistent across both images and supports the idea that they could be the same person.

6. **Skin Texture**: The skin texture appears to be similar in both images, which is another feature that supports the idea that they could be the same person.

7. **Ear**: The ear in both images is similar in shape and size, which is another feature that supports the idea that they could be the same person.

8. **Hair**: The hair in both images is similar in color and style, which is another feature that supports the idea that they could be the same person.

9. **Wrinkles and Lines**: The wrinkles and lines on the face are consistent across both images, which is another feature that supports the idea that they could be the same person.

10. **Overall Facial Structure**: The overall facial structure, including the proportions of the face, the shape of the jawline, and the contours of the cheekbones, are",48.852,302,True,True,2026-08-19T14:20:08Z,completed,literal,different,True
30,Caucasian,m.013xhr_0002.jpg,m.09w_st_0003.jpg,impostor,2,VARIANT 2  [chain-of-thought],"Step 1:
Image 1:
- Face shape: Oval
- Eye region: Eyes are open, looking slightly to the side, with visible wrinkles around the eyes and crow's feet.
- Nose: Straight and narrow, with a slightly upturned tip.
- Mouth: Smiling, with the teeth visible and the lips parted.
- Skin tone: Fair with some age-related spots and lines.
- Hair: Short, graying hair with a receding hairline.

Image 2:
- Face shape: Similar to Image 1, with a slightly more angular jawline.
- Eye region: Eyes are open, looking slightly to the side, with visible wrinkles around the eyes and crow's feet.
- Nose: Similar to Image 1, with a straight and narrow nose and a slightly upturned tip.
- Mouth: Smiling, with the teeth visible and the lips parted.
- Skin tone: Similar to Image 1, with some age-related spots and lines.
- Hair: Similar to Image 1, with short, graying hair and a receding hairline.

Step 2:
- Similarities: The facial features are very similar between the two images, including the eye shape, nose shape, mouth, and hair.
- Differences: There are subtle differences in the facial features, such as the angle of the jawline and the position of the hairline.

Step 3:
Based on the analysis, it is likely that the two faces belong to the same person. The similarities in facial features, such as the shape of the eyes, nose, and mouth, as well as the hair, suggest that these are images of the same individual. The differences in the facial features, such as the angle of the jawline",49.653,264,True,True,2026-08-19T14:20:57Z,no_verdict,semantic,same,True
31,Indian,m.03cww4l_0002.jpg,m.03cww4l_0001.jpg,genuine,1,VARIANT 1  [direct feature-comparison],"The two images appear to be of the same person. Here are the specific facial features that support this conclusion:

1. Eye shape and color: Both images show the person with similar eye shapes and colors.
2. Nose shape and size: The nose in both images has a similar shape and size.
3. Mouth shape and lip color: The lips in both images have a similar shape and color.
4. Facial structure: The overall facial structure, including the cheekbones, jawline, and the way the face is framed by the hair, is consistent between the two images.
5. Skin texture and tone: The skin texture and tone appear to be the same in both images.

Based on these observations, it is likely that the two images are of the same person.",22.756,130,True,True,2026-08-19T14:21:47Z,no_verdict,semantic,same,False
31,Indian,m.03cww4l_0002.jpg,m.03cww4l_0001.jpg,genuine,2,VARIANT 2  [chain-of-thought],"Step 1:
- Image 1: The face appears to be that of a woman with a fair complexion. She has a prominent nose, full lips, and a symmetrical face. Her eyebrows are well-defined, and her eyes are open, with a slight squint. Her hair is dark and appears to be styled in a way that it frames her face.
- Image 2: The face in this image is similar to the one in Image 1, with the same fair complexion, prominent nose, and full lips. The eyebrows and eye shape are consistent, and the hair is styled in a similar manner.

Step 2:
- Similarities: The facial features are very similar between the two images, including the shape of the face, the position of the eyebrows, the shape of the nose, and the lips. The skin tone is also consistent.
- Differences: There are subtle differences in the position of the eyebrows and the contour of the cheekbones, but these are minor variations that could be due to the angle of the shot or the lighting.

Step 3:
Based on the analysis, it is highly likely that the two faces belong to the same person. The similarities in facial features, skin tone, and hair style are indicative of the same individual.",35.217,211,True,True,2026-08-19T14:22:10Z,no_verdict,semantic,same,False
32,Indian,m.02qtcq_0004.jpg,m.0gklgjj_0005.jpg,impostor,1,VARIANT 1  [direct feature-comparison],"Based on the images provided, here are the specific facial features that support or contradict them being the same person:

1. **Eyes**: The eyes in both images are similar in shape and size, which could suggest they are the same person.

2. **Nose**: The nose in both images appears to be of a similar shape and size, which could also suggest they are the same person.

3. **Mouth**: The mouth in both images is similar in shape and size, which could further suggest they are the same person.

4. **Chin**: The chin in both images is similar in shape and size, which could also suggest they are the same person.

5. **Ears**: The ears in both images are similar in shape and size, which could also suggest they are the same person.

6. **Facial Hair**: There is no visible facial hair in either image, which could suggest that the person in both images is clean-shaven.

7. **Skin Texture**: The skin texture appears to be similar in both images, which could also suggest they are the same person.

8. **Wrinkles and Lines**: The wrinkles and lines on the face are similar in both images, which could also suggest they are the same person.

9. **Hair**: The hair in both images is similar in color and style, which could also suggest they are the same person.

10. **Eyebrows**: The eyebrows in both images are similar in shape and size, which could also suggest they are the same person.

Given the similarity in these features, it is likely that the person in both images is the same. Therefore, my final answer is:

Yes, the person in both images appears to be the same individual.",47.564,281,True,True,2026-08-19T14:22:46Z,completed,literal,same,False
32,Indian,m.02qtcq_0004.jpg,m.0gklgjj_0005.jpg,impostor,2,VARIANT 2  [chain-of-thought],"Step 1:
Image 1:
- Face shape: Round
- Eye region: Eyes are open, looking directly at the camera, with a slight squint.
- Nose: Broad and slightly curved.
- Mouth: Closed with a slight smile.
- Skin tone: Fair with some visible age spots.
- Hair: Short, dark, and thinning on top.

Image 2:
- Face shape: Round
- Eye region: Eyes are open, looking directly at the camera, with a slight squint.
- Nose: Broad and slightly curved.
- Mouth: Closed with a slight smile.
- Skin tone: Fair with some visible age spots.
- Hair: Short, dark, and thinning on top.

Step 2:
The facial features are very similar between the two images. The only noticeable difference is the lighting and color saturation, which is slightly different in each image. The skin tone appears to be slightly lighter in Image 2 compared to Image 1.

Step 3:
Based on the analysis, the two faces belong to the same person. The similarities in facial features, such as the shape of the face, the position of the eyes, the shape of the nose, and the expression on the mouth, are indicative of the same individual.",37.161,196,True,True,2026-08-19T14:23:34Z,no_verdict,semantic,same,False
33,Indian,m.0ddcnz4_0001.jpg,m.03mdk5_0004.jpg,impostor,1,VARIANT 1  [direct feature-comparison],"Based on the images provided, here are the specific facial features that support or contradict them being the same person:

1. **Eyes**: The eyes in both images are similar in shape and color, which suggests they could be the same person.

2. **Nose**: The nose in both images is of a similar shape and size, which is consistent with the same person.

3. **Mouth**: The mouth in both images has a similar shape and is positioned in a similar way, which supports the idea that they are the same person.

4. **Chin**: The chin in both images is similar in shape and length, which is consistent with the same person.

5. **Facial Hair**: The facial hair in both images is similar in color and style, which supports the idea that they are the same person.

6. **Skin Tone**: The skin tone in both images is similar, which is consistent with the same person.

7. **Wrinkles and Lines**: The wrinkles and lines on the face are consistent in both images, which supports the idea that they are the same person.

8. **Ear**: The ear in both images is similar in shape and size, which is consistent with the same person.

9. **Hair**: The hair in both images is similar in color and style, which supports the idea that they are the same person.

10. **Facial Expression**: The facial expression in both images is similar, with a slight smile and a relaxed posture, which supports the idea that they are the same person.

Given the consistency in these features, it is likely that the two images are of the same person. Therefore, my final answer is:

Yes, the two images are of the same person.",47.276,283,True,True,2026-08-19T14:24:11Z,completed,literal,same,False
33,Indian,m.0ddcnz4_0001.jpg,m.03mdk5_0004.jpg,impostor,2,VARIANT 2  [chain-of-thought],"Step 1:
Image 1:
- Face shape: Oval
- Eye region: Eyes are open, looking directly at the camera, with a slight squint.
- Nose: A prominent nose with a slightly curved bridge.
- Mouth: A closed mouth with a slight smile.
- Skin tone: Fair with some visible signs of aging, such as wrinkles and age spots.
- Hair: Dark, short, and neatly combed.

Image 2:
- Face shape: Oval
- Eye region: Eyes are open, looking directly at the camera, with a slight squint.
- Nose: A prominent nose with a slightly curved bridge.
- Mouth: A closed mouth with a slight smile.
- Skin tone: Fair with some visible signs of aging, such as wrinkles and age spots.
- Hair: Dark, short, and neatly combed.

Step 2:
The facial features are very similar between the two images. The only noticeable difference is the slight variation in the position of the mouth, with Image 1 showing a slightly more pronounced smile.

Step 3:
Based on the analysis, the two faces belong to the same person. The similarities in facial features, such as the shape of the face, the position of the eyes, the shape of the nose, and the style of the hair, are indicative of the same individual.",39.417,211,True,True,2026-08-19T14:24:59Z,no_verdict,semantic,same,False
34,Indian,m.0drw8rf_0003.jpg,m.04064_h_0001.jpg,impostor,1,VARIANT 1  [direct feature-comparison],"Based on the images provided, here are the specific facial features that support or contradict them being the same person:

1. Facial Hair: The person in the top image has a mustache and a goatee, while the person in the bottom image is clean-shaven. This is a significant difference that would contradict them being the same person.

2. Eye Glasses: The person in the top image is wearing glasses, while the person in the bottom image is not. This is another difference that would contradict them being the same person.

3. Hair: The person in the top image has a fuller head of hair, while the person in the bottom image has a more receding hairline and less hair overall. This could be a sign of aging, which might suggest they are the same person, but it's not a definitive feature.

4. Skin: The skin tone and texture appear to be similar, which could suggest they are the same person.

5. Facial Structure: The overall facial structure, including the shape of the face, the position of the eyes, nose, and mouth, and the contours of the cheekbones and jawline, appear to be similar, which could suggest they are the same person.

6. Eyes: The eyes in both images look similar in color and shape, which could suggest they are the same person.

7. Nose: The nose in both images appears to be similar in shape and size, which could suggest they are the same person.

8. Mouth: The lips and the shape of the mouth appear to be similar, which could suggest they are the same person.

Taking all these factors into account, it is likely that the person in the top image is not the same person as the one in the bottom image due to the differences in facial hair and eyeglasses.",48.795,304,True,True,2026-08-19T14:25:38Z,no_verdict,semantic,different,False
34,Indian,m.0drw8rf_0003.jpg,m.04064_h_0001.jpg,impostor,2,VARIANT 2  [chain-of-thought],"Step 1:
- Image 1: The person has a round face shape, with a prominent nose and full lips. The eyebrows are well-defined, and the person has a mustache and a goatee. The skin tone appears to be light, and the hair is dark and curly.
- Image 2: The person in this image also has a round face shape, with a similar prominent nose and full lips. The eyebrows are also well-defined, and the person has a mustache and a goatee. The skin tone appears to be the same as in Image 1, and the hair is similarly dark and curly.

Step 2:
- Similarities: The facial features are very similar between the two images, including the face shape, nose, lips, eyebrows, and hair. The mustache and goatee are also consistent.
- Differences: There are no significant differences in the facial features between the two images.

Step 3:
Based on the analysis, the two faces belong to the same person. The similarities in facial features and the consistency of the mustache and goatee suggest that the images are of the same individual.",32.45,183,True,True,2026-08-19T14:26:28Z,completed,literal,different,False
35,Indian,m.04mxd7__0004.jpg,m.04mxd7__0001.jpg,genuine,1,VARIANT 1  [direct feature-comparison],"Based on the images provided, here are the specific facial features that support or contradict them being the same person:

1. Facial Hair: The person in the second image has a beard and mustache, which are not present in the first image. This is a significant difference that contradicts them being the same person.

2. Hair: The person in the second image has a full head of hair, while the person in the first image is bald. This is another significant difference that contradicts them being the same person.

3. Eyes: The person in the second image has a different eye shape and possibly color compared to the person in the first image. This is a subtle difference that could be due to lighting or the angle of the photo.

4. Nose: The person in the second image has a slightly different nose shape compared to the person in the first image. This is a subtle difference that could be due to lighting or the angle of the photo.

5. Ears: The person in the second image has a slightly different ear shape compared to the person in the first image. This is a subtle difference that could be due to lighting or the angle of the photo.

6. Skin: The person in the second image has a slightly different skin tone compared to the person in the first image. This is a subtle difference that could be due to lighting or the angle of the photo.

7. Mouth: The person in the second image has a slightly different mouth shape compared to the person in the first image. This is a subtle difference that could be due to lighting or the angle of the photo.

8. Neck: The person in the second image has a slightly different neck shape compared to the person in the first image. This is a subtle difference that could be due to lighting or the angle of the photo.

Given the significant differences in facial hair, hair",48.838,333,True,False,2026-08-19T14:27:00Z,no_verdict,,,True
35,Indian,m.04mxd7__0004.jpg,m.04mxd7__0001.jpg,genuine,2,VARIANT 2  [chain-of-thought],"Step 1:
Image 1:
- Face shape: Oval
- Eye region: Almond-shaped eyes, slightly hooded eyelids, and a slight crease in the outer corners of the eyes.
- Nose: Straight and narrow, with a small, slightly upturned tip.
- Mouth: Thin lips, slightly parted, with a small amount of stubble around the mouth.
- Skin tone: Light, with a few small blemishes.
- Hair: Balding head, with a small amount of hair on the sides and back of the head.

Image 2:
- Face shape: Similar to Image 1, but with a slightly more angular jawline.
- Eye region: Similar to Image 1, but with a slightly different shape of the eyelids and a slightly different crease in the outer corners of the eyes.
- Nose: Similar to Image 1, but with a slightly different angle and shape of the nose.
- Mouth: Similar to Image 1, but with a slightly different shape of the lips.
- Skin tone: Similar to Image 1.
- Hair: Similar to Image 1, but with a slightly different amount of hair on the sides and back of the head.

Step 2:
- Similarities: The eyes, nose, and mouth have similar shapes and features in both images. The skin tone is also similar.
- Differences: The hair appears slightly different in terms of amount and possibly the direction of the hair on the sides and back of the head. The eyelids and the crease in the outer corners of the eyes are also slightly different.

Step 3:
Based on the analysis, it is likely that the two faces belong to the same person. The similarities in the facial features, such as the shape of the",49.569,280,True,True,2026-08-19T14:27:49Z,no_verdict,semantic,same,True
36,Indian,m.05f5dtv_0002.jpg,m.0c_fcj_0001.jpg,impostor,1,VARIANT 1  [direct feature-comparison],"Based on the images provided, here are the specific facial features that support the idea that they are of the same person:

1. Similar facial structure: Both images show a person with a symmetrical face, similar cheekbones, and a similar nose shape.
2. Eye shape and color: The eyes in both images appear to be of a similar shape and color, which is consistent with the same person.
3. Lip shape and color: The lips in both images have a similar shape and color, which is also consistent with the same person.
4. Ear shape and piercing: Both images show an ear with a similar shape and a visible piercing, which is consistent with the same person.
5. Hair style and color: The hair in both images is styled in a similar manner and appears to be of a similar color.

Based on these observations, it is likely that the two images are of the same person. However, without additional context or a clearer view of the person's face, it is not possible to definitively confirm that they are the same person. Therefore, my final answer is ""Yes,"" with the caveat that there is a possibility of error due to the limitations of the images provided.",32.489,206,True,True,2026-08-19T14:28:39Z,completed,literal,same,False
36,Indian,m.05f5dtv_0002.jpg,m.0c_fcj_0001.jpg,impostor,2,VARIANT 2  [chain-of-thought],"Step 1:
- Image 1: The person has a symmetrical face with a prominent nose and full lips. The eyes are almond-shaped with a slight upward tilt at the outer corners. The skin tone is fair, and the hair is dark and styled in a way that it frames the face. The person is wearing makeup, including eyeliner and lipstick, and is adorned with a headpiece and jewelry.
- Image 2: The person in this image has a similar facial structure, with a symmetrical face, a prominent nose, and full lips. The eyes are also almond-shaped with a slight upward tilt at the outer corners. The skin tone appears to be the same, and the hair is styled in a similar manner. The person is also wearing makeup and jewelry, including a headpiece.

Step 2:
- Similarities: The facial features are very similar, including the shape of the face, the nose, the eyes, and the lips. The skin tone and hair color are consistent between the two images.
- Differences: The headpiece and jewelry in each image are different, suggesting that the person may be wearing different outfits or accessories for different occasions.

Step 3:
Based on the analysis, it is highly likely that the two faces belong to the same person. The similarities in facial features, skin tone, and hair color are too strong to be coincidental. The differences in headpieces and jewelry could be due to different events or occasions.",40.277,242,True,True,2026-08-19T14:29:12Z,no_verdict,semantic,same,False
37,Indian,m.086zzh_0001.jpg,m.086zzh_0002.jpg,genuine,1,VARIANT 1  [direct feature-comparison],"Based on the images provided, here are the specific facial features that support or contradict them being the same person:

1. **Eyes**: The eyes in both images are similar in shape and color, which suggests they could be the same person.

2. **Nose**: The nose in both images is of a similar shape and size, which is consistent with the idea that they are the same person.

3. **Mouth**: The mouth in both images has a similar shape and is slightly open, which could indicate the same person.

4. **Chin**: The chin in both images appears to be of a similar shape and size, which supports the idea that they are the same person.

5. **Facial Hair**: There is no visible facial hair in either image, which is consistent across both photos.

6. **Skin Tone**: The skin tone appears to be similar in both images, which could suggest the same person.

7. **Earrings**: The earrings in both images are similar in style and size, which supports the idea that they are the same person.

8. **Hair**: The hair in both images is similar in color and style, which could indicate the same person.

9. **Eyebrows**: The eyebrows in both images are similar in shape and color, which supports the idea that they are the same person.

10. **Expression**: The expressions on the face in both images are similar, with a slight smile and a relaxed posture.

Given the consistency in these features, it is likely that the two images are of the same person. Therefore, my final answer is:

Yes, the two images are of the same person.",45.324,268,True,True,2026-08-19T14:29:53Z,completed,literal,same,False
37,Indian,m.086zzh_0001.jpg,m.086zzh_0002.jpg,genuine,2,VARIANT 2  [chain-of-thought],"Step 1:
Image 1:
- Face shape: Round
- Eye region: Eyes are dark and almond-shaped, with a slight tilt to the outer corners.
- Nose: Straight and of medium length.
- Mouth: Smiling, with teeth visible and lips parted.
- Skin tone: Light with a warm undertone.
- Hair: Dark, straight, and parted in the middle.

Image 2:
- Face shape: Round
- Eye region: Eyes are dark and almond-shaped, with a slight tilt to the outer corners.
- Nose: Straight and of medium length.
- Mouth: Smiling, with teeth visible and lips parted.
- Skin tone: Light with a warm undertone.
- Hair: Dark, straight, and parted in the middle.

Step 2:
The facial features are very similar between the two images. The only noticeable difference is the position of the hair parting, which is slightly different in each image.

Step 3:
Based on the analysis, the two faces belong to the same person. The similarities in facial features, including the shape of the face, eye shape, nose, mouth, skin tone, and hair, are too consistent to be coincidental. The slight difference in the hair parting is not enough to suggest that these are two different individuals.",38.551,199,True,True,2026-08-19T14:30:38Z,no_verdict,semantic,different,False
38,Indian,m.04q699_0002.jpg,m.04q699_0004.jpg,genuine,1,VARIANT 1  [direct feature-comparison],"Based on the images provided, here are the specific facial features that support or contradict them being the same person:

Supporting Features:
1. The overall facial structure, including the shape of the face, the position of the eyes, and the contour of the cheekbones.
2. The hairline and hair color, which appear to be consistent across both images.
3. The eyebrows, which have a similar shape and arch.
4. The eyes, which have a similar shape, size, and color.
5. The nose, which has a similar shape and size.
6. The lips, which have a similar shape and fullness.
7. The chin, which has a similar shape and length.

Contradicting Features:
1. The lighting in the two images is different, which can affect the appearance of the skin and the shadows cast.
2. The backgrounds are different, which can affect the overall look of the person.
3. The focus and clarity of the images may vary, which can affect the appearance of the person's features.

Final Answer: Yes, the two images appear to be of the same person. The supporting features outweigh the contradicting features, and the differences that are present are likely due to the factors mentioned above.",34.774,199,True,True,2026-08-19T14:31:17Z,completed,literal,same,False
38,Indian,m.04q699_0002.jpg,m.04q699_0004.jpg,genuine,2,VARIANT 2  [chain-of-thought],"Step 1:
Image 1:
- Face shape: Oval
- Eye region: Eyes are open, looking directly at the camera, with a slight squint.
- Nose: Straight and narrow, with a small bump on the bridge.
- Mouth: Slightly open with a small smile.
- Skin tone: Light with some age-related spots and lines.
- Hair: Graying, with a receding hairline and thinning on top.

Image 2:
- Face shape: Similar to Image 1, but with a slightly more pronounced jawline.
- Eye region: Eyes are open, looking directly at the camera, with a similar slight squint.
- Nose: Similar in shape to Image 1, but with a slightly larger bump on the bridge.
- Mouth: Similar to Image 1, with a small smile.
- Skin tone: Similar to Image 1, with some age-related spots and lines.
- Hair: Similar to Image 1, with a receding hairline and thinning on top.

Step 2:
- Similarities: The facial features are very similar, with the most noticeable differences being the slightly larger bump on the bridge of the nose in Image 2 and the slightly more pronounced jawline.
- Differences: The size of the nose bump and the jawline are the most noticeable differences between the two images.

Step 3:
Based on the analysis, the two faces appear to belong to the same person. The similarities in facial features, such as the shape of the face, the position of the eyes, the shape of the nose, and the thinning of the hair, suggest that these are the same individual. The differences in the size of the nose bump and the jawline are minor and do not detract from the overall similar",49.642,278,True,True,2026-08-19T14:31:52Z,no_verdict,semantic,same,True
39,Indian,m.05yvfd_0002.jpg,m.0c3vdd3_0003.jpg,impostor,1,VARIANT 1  [direct feature-comparison],"Based on the images provided, here are the specific facial features that support or contradict them being the same person:

1. **Eyes**: The eyes in both images are similar in shape and color, which suggests they could be the same person.

2. **Nose**: The nose in both images is of a similar shape and size, which is consistent with the eyes and supports the idea that they could be the same person.

3. **Facial Hair**: The facial hair, including the beard and mustache, is consistent across both images, which is a strong indicator that they are of the same person.

4. **Ears**: The ears in both images appear to be the same, which is another point of consistency.

5. **Lips and Mouth**: The lips and mouth are also consistent across both images, which further supports the idea that they are of the same person.

6. **Skin Tone and Texture**: The skin tone and texture appear to be the same in both images, which is another point of consistency.

7. **Hair**: The hair in both images is similar in color and style, which is another point of consistency.

8. **Neck and Chin**: The neck and chin are also consistent across both images, which is another point of consistency.

Given the consistency in these features, it is highly likely that the two images are of the same person. Therefore, my final answer is:

Yes, the two images are of the same person.",40.364,240,True,True,2026-08-19T14:32:42Z,completed,literal,same,False
39,Indian,m.05yvfd_0002.jpg,m.0c3vdd3_0003.jpg,impostor,2,VARIANT 2  [chain-of-thought],"Step 1:
Image 1:
- Face shape: Oval
- Eye region: Eyes are open, looking directly at the camera, with a slight squint. The eyebrows are well-groomed and arched.
- Nose: Straight and of average length.
- Mouth: Lips are closed and appear to be in a neutral expression.
- Skin tone: Fair with some visible signs of aging, such as fine lines and a slight sagging around the jawline.
- Hair: Thick and dark, with a side parting and styled to one side.

Image 2:
- Face shape: Similar to Image 1, with a slightly more pronounced oval shape.
- Eye region: Eyes are open and looking directly at the camera, with a similar slight squint. The eyebrows are well-groomed and arched.
- Nose: Similar in shape and length to Image 1.
- Mouth: Lips are closed and appear to be in a neutral expression.
- Skin tone: Similar to Image 1, with visible signs of aging.
- Hair: Similar in style and color to Image 1, with a side parting.

Step 2:
- Similarities: The facial features are very similar, with the most notable being the eye region, eyebrows, nose, and mouth. The hair style and color are also consistent between the two images.
- Differences: There are subtle differences in the facial features, such as the slight variation in the oval shape of the face, the position of the eyebrows, and the contour of the cheekbones.

Step 3:
Based on the analysis, it is likely that the two faces belong to the same person. The similarities in facial features, hair style, and the way the person is posing for the photos suggest that",49.625,276,True,True,2026-08-19T14:33:23Z,no_verdict,semantic,same,True
40,Indian,m.0gcxms6_0004.jpg,m.0gcxms6_0005.jpg,genuine,1,VARIANT 1  [direct feature-comparison],"Based on the images provided, here are the specific facial features that support or contradict them being the same person:

1. **Eyes**: The eyes in both images appear to be the same, with similar shapes, colors, and reflections.

2. **Nose**: The nose in both images is similar in shape and size, which suggests they could be the same person.

3. **Mouth**: The mouth in both images has a similar shape and is positioned in a similar way, which supports the idea that they are the same person.

4. **Chin**: The chin in both images is similar in shape and size, which further supports the idea that they are the same person.

5. **Facial Hair**: The facial hair in both images is similar in color and style, which is consistent with the same person.

6. **Skin Tone**: The skin tone in both images appears to be the same, which is a strong indicator that they are the same person.

7. **Ears**: The ears in both images are similar in shape and size, which supports the idea that they are the same person.

8. **Hair**: The hair in both images is similar in color and style, which is consistent with the same person.

9. **Eyebrows**: The eyebrows in both images are similar in shape and color, which supports the idea that they are the same person.

10. **Overall Facial Structure**: The overall facial structure, including the proportions of the face, the shape of the jawline, and the contours of the cheekbones, appear to be the same in both images, which strongly supports the idea that they are the same person.

Given the consistency in these features, my final answer is:

**Yes, the two images are of the same person.**",48.772,287,True,True,2026-08-19T14:34:13Z,completed,literal,same,True
40,Indian,m.0gcxms6_0004.jpg,m.0gcxms6_0005.jpg,genuine,2,VARIANT 2  [chain-of-thought],"Step 1:
- Image 1: The person has a round face shape, with a prominent nose and full lips. The eyes are open and appear to be looking directly at the camera. The skin tone is fair, and the hair is dark and styled short.
- Image 2: The person in Image 2 has a similar round face shape, with a slightly larger nose and fuller lips. The eyes are also open and looking directly at the camera. The skin tone is consistent with the first image, and the hair is styled in a similar manner.

Step 2:
- Similarities: The facial features are very similar, including the face shape, nose, lips, and hair. The skin tone is consistent between the two images.
- Differences: The person's hair appears to be slightly different in the two images, with a slightly different parting or style.

Step 3:
Based on the analysis, it is highly likely that the two faces belong to the same person. The similarities in facial features, skin tone, and hair style are indicative of the same individual.",30.456,179,True,True,2026-08-19T14:35:02Z,no_verdict,semantic,same,False
